,word,freq,map
0,orang,12949,
1,indonesia,12571,
2,perintah,9558,
3,sebar,9121,
4,pandemi,8920,
5,lockdown,8807,
6,positif,8542,
7,rumah,8359,
8,china,7517,cina
9,aja,7506,no
10,cegah,7440,
11,ga,7115,no
12,pasien,6817,
13,wabah,6795,
14,laku,6775,
15,warga,6724,
16,bantu,6407,
17,tangan,6315,
18,sehat,6288,
19,negara,5908,
20,masyarakat,5511,
21,gak,5495,no
22,moga,5233,
23,tinggal,5171,
24,dampak,5093,
25,amp,5081,no
26,kena,4502,
27,jokowi,4467,
28,kalo,4460,no
29,udah,4419,no
30,kerja,4376,
31,kota,4077,
32,lawan,4046,
33,nya,3897,no
34,masuk,3869,
35,dunia,3799,
36,jalan,3787,
37,nyata,3764,
38,sakit,3675,
39,jaga,3592,
40,masker,3571,
41,wuhan,3558,
42,mudik,3426,
43,sembuh,3376,
44,hadap,3296,
45,mati,3266,
46,salah,3247,
47,polri,3237,
48,rakyat,3205,
49,anak,2974,
50,tular,2932,
51,jakarta,2917,
52,medis,2844,
53,cepat,2823,
54,sih,2785,no
55,utk,2758,no
56,dr,2704,no
57,distancing,2696,
58,putus,2686,
59,tugas,2642,
60,akibat,2636,
61,ekonomi,2611,
62,dirumahaja,2598,
63,hasil,2595,
64,via,2567,
65,selamat,2527,
66,makan,2503,
67,coronavirus,2482,
68,hidup,2461,
69,takut,2440,
70,keluarga,2440,
71,berita,2438,
72,presiden,2417,
73,psbb,2367,
74,allah,2364,
75,biar,2354,no
76,buka,2341,
77,dgn,2313,no
78,data,2275,
79,wilayah,2263,
80,manusia,2260,
81,bikin,2251,no
82,tau,2245,no
83,daerah,2238,
84,social,2175,
85,kait,2170,
86,update,2126,
87,tutup,2115,
88,tenaga,2103,
89,infeksi,2048,
90,butuh,2025,
91,bijak,2002,
92,beli,1998,
93,nih,1984,no
94,pulang,1980,
95,gin,1979,no
96,langsung,1975,
97,lihat,1970,
98,tingkat,1960,
99,stay,1957,
100,tp,1956,no
101,korban,1947,
102,banget,1925,no
103,org,1924,orang
104,dokter,1922,
105,karantina,1871,
106,terima,1869,
107,aman,1863,
108,ayo,1851,no
109,lebaran,1848,
110,ri,1847,indonesia
111,viruscorona,1846,coronavirus
112,tdk,1843,no
113,baca,1834,
114,laksana,1798,
115,yuk,1780,no
116,gue,1754,no
117,kasih,1751,
118,wni,1745,
119,lindung,1715,
120,usaha,1706,
121,pakai,1698,
122,sosial,1688,
123,krn,1678,no
124,turun,1670,
125,kali,1666,
126,mei,1660,
127,rs,1642,
128,video,1599,
129,darurat,1599,
130,batas,1581,
131,bilang,1580,
132,rantai,1575,
133,ramadhan,1564,ramadan
134,atur,1560,
135,jg,1546,no
136,desa,1541,
137,antisipasi,1537,
138,peduli,1523,
139,kabupaten,1516,
140,negeri,1510,
141,kondisi,1508,
142,si,1502,no
143,maret,1495,
144,pake,1494,pakai
145,upaya,1492,
146,april,1484,
147,juang,1474,
148,semprot,1472,
149,stayathome,1464,
150,bebas,1463,
151,home,1446,
152,sembako,1446,
153,emang,1445,no
154,pusat,1444,
155,coba,1435,
156,isolasi,1429,
157,bgt,1428,no
158,kaya,1428,
159,gimana,1423,no
160,giat,1422,
161,klo,1395,no
162,kabar,1393,
163,tahan,1388,
164,uang,1387,
165,sampe,1383,no
166,jd,1377,no
167,gw,1372,no
168,pikir,1368,
169,total,1361,
170,donasi,1360,
171,disinfektan,1358,
172,gara,1357,
173,dukung,1357,
174,menteri,1350,
175,selesai,1348,
176,semangat,1344,
177,mata,1336,
178,lu,1334,no
179,pas,1331,
180,pasar,1327,
181,lengkap,1325,
182,obat,1323,
183,at,1314,no
184,temu,1311,
185,larang,1309,
186,dg,1305,no
187,dki,1301,no
188,dah,1297,no
189,hati,1295,
190,jawa,1289,
191,doa,1288,
192,mas,1285,no
193,sdh,1273,no
194,hilang,1271,
195,informasi,1270,
196,main,1268,
197,test,1263,tes
198,minggu,1261,
199,terap,1261,
200,liat,1259,lihat
201,jarak,1249,
202,info,1248,informasi
203,lg,1247,no
204,dana,1243,
205,who,1240,
206,ajar,1240,
207,bener,1239,no
208,puasa,1237,
209,tuju,1232,
210,pdp,1225,
211,kampung,1214,
212,kayak,1214,no
213,waspada,1210,
214,harga,1209,
215,ken,1204,no
216,beda,1202,
217,udh,1201,no
218,protokol,1200,
219,apd,1200,
220,evakuasi,1192,
221,tim,1192,
222,kuat,1190,
223,bahaya,1189,
224,harap,1187,
225,ribu,1186,
226,tes,1185,
227,arti,1174,
228,gitu,1173,no
229,jam,1156,
230,awat,1142,
231,bawa,1140,
232,nama,1137,
233,tunda,1128,
234,vaksin,1116,
235,negatif,1115,
236,tuh,1114,no
237,cari,1112,
238,dlm,1112,no
239,gua,1109,no
240,as,1106,amerika
241,pergi,1096,
242,cuci,1095,
243,korea,1094,
244,khawatir,1093,
245,jual,1081,
246,provinsi,1081,
247,angka,1075,
248,teman,1073,
249,karna,1073,no
250,cina,1068,
251,gejala,1066,
252,layan,1055,
253,online,1043,
254,iya,1036,no
255,kembang,1035,
256,normal,1032,
257,henti,1027,
258,patuh,1023,
259,ambil,1018,
260,ibadah,1017,
261,alat,1017,
262,juta,1017,
263,buah,1016,
264,gugus,1008,
265,kek,1006,no
266,pimpin,1006,
267,jgn,1006,no
268,gubernur,1001,
269,situasi,1001,
270,lapor,1001,
271,hindar,1000,
272,salur,998,
273,wib,991,
274,thearieair,989,
275,percaya,987,
276,serah,986,
277,langkah,985,
278,polisi,982,
279,alhamdulillah,980,
280,lupa,980,
281,media,979,
282,bersih,978,
283,masjid,977,
284,masjid,977,
285,papar,977,
286,milik,975,
287,ku,973,no
288,damai,972,
289,tjhinfar,971,
290,susah,966,
291,aryprasetyo,965,
292,nasional,963,
293,anggota,961,
294,wagimandeep,956,
295,suruh,955,
296,yaa,951,no
297,narkosun,945,
298,deh,943,no
299,paket,943,
300,khusus,942,
301,gt,940,no
302,hamka,936,
303,sutra,935,
304,malam,923,
305,sadar,920,
306,bal,918,bali
307,maaf,918,
308,pagi,914,
309,dpr,910,
310,utama,909,
311,odp,908,
312,kimmi,906,
313,gk,905,no
314,rp,904,rupiah
315,rapid,903,
316,selatan,902,
317,pilih,897,
318,singkong,897,
319,sibrn,897,
320,maranatha,896,
321,tni,896,
322,kampoeng,895,
323,bangsa,894,
324,himbauan,893,imbauan
325,1trenggalek,892,
326,dewidrupadi,886,
327,mudah,883,
328,sedih,879,
329,mahasiswa,877,
330,baju,877,
331,dirumahajalebihbaik,876,
332,rupa,875,
333,suka,873,
334,kumpul,868,
335,kepala,867,
336,kirim,862,
337,wkwk,859,no
338,dasar,857,
339,barat,856,
340,mohon,855,
341,india,850,
342,konser,849,
343,serang,845,
344,rawat,843,
345,sesuai,836,
346,eh,835,no
347,sulit,834,
348,jangkit,834,
349,jepang,830,
350,tolak,830,
351,bangun,829,
352,mah,824,no
353,tuhan,821,
354,muncul,818,
355,penuh,818,
356,sayang,818,
357,bandung,817,
358,manfaat,815,
359,konfirmasi,813,
360,capai,810,
361,uji,810,
362,tubuh,810,
363,polres,806,
364,kelar,805,
365,periksa,803,
366,imbau,801,
367,ancam,801,
368,aceh,801,
369,pandemic,800,pandemik
370,ketua,799,
371,tanggulang,798,
372,libur,798,
373,paham,797,
374,gelar,791,
375,tunggu,784,
376,ikan,784,
377,isi,782,
378,habis,781,
379,tanggal,779,
380,ajak,779,
381,bayar,776,
382,indo,774,indonesia
383,italia,773,
384,rawan,766,
385,abis,765,habis
386,timur,764,
387,the,763,no
388,lo,761,no
389,hubung,760,
390,aamiin,757,amin
391,duit,755,
392,kemarin,752,
393,cek,752,
394,jabat,748,
395,belanja,746,
396,surabaya,745,
397,amerika,745,
398,amerika,745,
399,luas,744,
400,gaji,741,
401,ngga,741,no
402,air,740,
403,korona,737,corona
404,urus,736,
405,simak,733,
406,arab,731,
407,pd,730,no
408,aniesbaswedan,729,
409,status,728,
410,global,728,
411,panik,726,
412,wa,724,no
413,rencana,724,
414,efek,723,
415,anies,716,
416,news,716,
417,raya,714,
418,aksi,713,
419,alami,712,
420,camat,710,
421,agama,710,
422,skrg,710,no
423,awas,709,
424,bangkit,706,
425,saudi,704,
426,alas,702,
427,kumparannews,701,
428,ubah,700,
429,hukum,698,
430,cepet,697,cepat
431,otak,697,
432,pantau,693,
433,bandara,693,
434,down,692,
435,bentuk,691,
436,bukti,690,
437,program,688,
438,mulyanadipura,688,
439,gussur,688,
440,rang,687,perang
441,bahas,686,
442,cinta,685,
443,hoax,684,
444,disiplin,682,
445,patuhiprotokolcovid,682,
446,duga,681,
447,bs,681,no
448,tekan,679,
449,perang,679,
450,catat,678,
451,trus,678,no
452,mandiri,677,
453,ni,677,no
454,jumat,676,
455,gratis,676,
456,kemenkesri,676,
457,foto,675,
458,temen,675,teman
459,tindak,674,
460,miskin,674,
461,anggar,673,
462,id,673,no
463,tetep,670,no
464,sahabat,668,
465,sm,667,no
466,viral,664,
467,batal,663,
468,bahan,663,
469,kangen,662,
470,new,660,
471,kantor,658,
472,gera,657,gerak
473,bumi,657,
474,merah,657,
475,rt,657,
476,polsek,654,
477,aktivitas,652,
478,pesan,650,
479,teliti,649,
480,kak,648,no
481,blm,647,no
482,anggap,642,
483,mall,638,mal
484,paksa,637,
485,sedia,633,
486,bansos,632,
487,bersamacegahcorona,632,
488,kab,631,kabupaten
489,malang,627,
490,bareng,626,
491,ketemu,626,temu
492,sumber,625,
493,mending,624,
494,besok,624,
495,fasilitas,623,
496,lawancovid,620,
497,hadir,619,
498,dagang,616,
499,islam,615,
500,bicara,615,
501,cerita,614,
502,sobat,611,
503,sy,611,no
504,pulau,609,
505,ilang,608,hilang
506,no,606,no
507,wajib,604,
508,terbang,600,
509,ringan,599,
510,lock,599,
511,bingung,599,
512,bagus,598,
513,sinergi,596,
514,kenal,591,
515,doang,591,no
516,duduk,590,
517,enak,589,
518,malaysia,589,
519,stayhome,588,
520,nilai,588,
521,bang,588,no
522,ramai,588,
523,surat,587,
524,bupati,586,
525,sumbang,584,
526,2an,583,no
527,papua,583,
528,jatim,580,
529,solusi,579,
530,daftar,575,
531,pulih,574,
532,tiongkok,570,cina
533,anjur,569,
534,ruang,569,
535,untung,568,
536,resmi,563,
537,menang,561,
538,asa,561,
539,serius,559,
540,nyawa,559,
541,tanggap,558,
542,jabar,557,
543,mikir,557,pikir
544,sabar,555,
545,wakil,554,
546,tanggung,554,
547,vietnam,554,
548,fakta,554,
549,zona,553,
550,pokok,552,
551,pesawat,552,
552,parah,551,
553,saudara,550,
554,to,548,no
555,physical,548,
556,rame,546,ramai
557,umat,542,
558,jenazah,542,
559,gerak,541,
560,rangka,541,
561,massal,541,
562,yah,540,no
563,operasi,538,
564,jiwa,537,
565,sekolah,535,
566,ahli,534,
567,bunuh,534,
568,cc,532,no
569,in,531,no
570,ganti,531,
571,fitri,531,
572,tidur,530,
573,kasi,530,kasih
574,sholat,528,salat
575,nonton,528,tonton
576,muslim,526,
577,rsud,526,
578,yo,525,no
579,contoh,524,
580,perhati,523,
581,krisis,521,
582,berani,520,
583,prediksi,519,
584,pandemik,515,
585,iran,514,
586,an,514,no
587,tulis,510,
588,tenang,510,
589,amin,510,
590,damping,510,
591,banding,509,
592,nang,509,no
593,kerumun,508,
594,produksi,508,
595,loh,508,no
596,akses,508,
597,bersamapolribantuwarga,507,
598,edar,506,
599,produk,506,
600,dengar,503,
601,terimakasih,503,
602,pkb,502,
603,tegal,501,
604,politik,499,
605,kunjung,498,
606,deteksi,497,
607,derita,497,
608,bencana,496,
609,kau,495,no
610,ratus,494,
611,jogja,494,
612,pt,494,
613,inggris,493,
614,idul,492,
615,detikcom,489,
616,ah,489,no
617,polriberbagikasih,487,
618,berat,486,
619,fokus,486,
620,msh,485,no
621,kamis,485,
622,sepi,484,
623,badan,483,
624,kl,482,no
625,bank,482,
626,gagal,482,
627,korsel,481,
628,konspirasi,481,
629,beliau,480,
630,asli,479,
631,potensi,479,
632,bekas,479,
633,bisnis,477,
634,link,476,
635,publik,476,
636,garda,475,
637,beban,474,
638,rindu,473,
639,buruk,469,
640,opsketupatcegahcovid,468,
641,alam,468,
642,satgas,467,
643,sistem,467,
644,hai,466,no
645,pemprov,466,
646,rabu,465,
647,bogor,464,
648,ganjarpranowo,464,
649,kuasa,462,
650,youtube,462,
651,diam,461,
652,gegara,458,gara
653,hrs,457,no
654,proses,457,
655,distribusi,457,
656,barang,457,
657,mbak,455,no
658,senin,455,
659,angkat,453,
660,iki,453,no
661,ttg,453,no
662,ngomong,452,omong
663,biaya,452,
664,pangan,451,
665,19indonesia,450,no
666,tetangga,449,
667,2nya,449,no
668,31mardisinfektanmassal,449,
669,semarang,448,
670,tka,448,
671,dinas,448,
672,bnpb,447,
673,langgar,446,
674,miliar,445,
675,kamtibmas,444,
676,ama,443,no
677,sikap,443,
678,tu,440,no
679,beras,440,
680,lurah,439,
681,makam,438,
682,minum,437,
683,imbas,437,
684,gila,435,
685,potong,435,
686,jamaah,434,jemaah
687,suara,433,
688,tumpang,433,
689,jateng,431,
690,siaga,430,
691,sbg,429,no
692,maksud,429,
693,cnnindonesia,428,
694,tanah,428,
695,saran,427,
696,usia,427,
697,kebal,427,
698,flu,426,
699,sibuk,425,
700,please,425,no
701,ramadan,424,
702,lonjak,424,
703,posko,424,
704,tua,423,
705,efektif,422,
706,cipta,421,
707,keras,421,
708,kpd,421,no
709,phk,420,
710,stop,420,
711,syukur,420,
712,mrk,420,no
713,bodoh,419,
714,tribunnews,419,
715,izin,419,
716,lagu,419,
717,rujuk,418,
718,jajar,418,
719,longgar,417,
720,selasa,416,
721,salam,416,
722,jujur,415,
723,karyawan,415,
724,siang,415,
725,asing,414,
726,detikhealth,413,
727,twitter,412,
728,muka,411,
729,risiko,411,
730,bro,411,no
731,kuliah,411,
732,acara,410,
733,sabtu,410,
734,wkwkwk,410,no
735,min,410,no
736,and,409,no
737,daya,409,
738,lambat,409,
739,persen,408,
740,ki,408,no
741,spt,408,no
742,do,407,no
743,trs,407,no
744,rebah,407,
745,rebak,406,
746,pemda,405,
747,anti,404,
748,sipil,402,
749,world,402,
750,arah,401,
751,halo,400,no
752,lingkung,400,
753,kunci,400,
754,batuk,399,
755,kalah,399,
756,emg,399,no
757,gara-gara,398,gara
758,sore,398,
759,ketat,397,
760,of,397,no
761,wes,397,no
762,maju,396,
763,musim,394,
764,utara,394,
765,lbh,394,no
766,pariwisata,394,
767,lepas,394,
768,tsb,393,no
769,malu,392,
770,sektor,391,
771,tirta,391,
772,akun,391,
773,tinjau,390,
774,hotel,389,
775,guys,389,no
776,peta,389,
777,dirumahsaja,388,
778,jemput,387,
779,mobil,386,
780,isu,386,
781,polda,385,
782,sosialisasi,385,
783,me,385,no
784,kendali,384,
785,cuman,384,no
786,goblok,384,
787,swt,384,no
788,peran,384,
789,vivanews,384,
790,trump,384,
791,nikah,383,
792,wfh,383,
793,kontak,383,
794,nunggu,381,tunggu
795,ra,381,no
796,bersatulawancovid,381,
797,depok,378,
798,pabrik,378,
799,tangkal,378,
800,didu,377,no
801,tv,375,
802,dprd,374,
803,dapet,374,no
804,dpt,373,no
805,lokal,372,
806,keren,371,
807,ma,370,no
808,film,370,
809,silah,370,sila
810,reda,369,
811,sukses,369,
812,titik,368,
813,tahap,367,
814,gabung,367,
815,pasang,365,
816,kec,365,camat
817,jahat,364,
818,taucepattanpabatas,364,
819,lapar,363,
820,divhumas,363,
821,internasional,363,
822,swab,362,
823,lho,362,no
824,rapat,360,
825,istri,360,
826,mulu,360,no
827,diy,359,
828,socialdistancing,359,
829,jamin,359,
830,sing,358,no
831,bu,357,no
832,salat,356,
833,mu,356,no
834,kapolri,356,
835,hand,356,
836,landa,355,
837,waspadaviruscorona,354,
838,pindah,353,
839,wali,352,
840,ntar,352,no
841,tani,352,
842,ilmu,349,
843,bahagia,349,
844,hebat,349,
845,banjir,349,
846,serentak,349,
847,ngeyel,348,eyel
848,singapura,348,
849,latih,347,
850,kemenkes,346,
851,bayang,346,
852,safe,346,
853,humas,345,
854,live,345,
855,lemah,345,
856,guru,345,
857,beritaterkini,345,
858,klik,345,
859,sinergitascegahcovid,344,
860,nakes,344,
861,sabun,344,
862,hewan,344,
863,royong,343,
864,tembus,342,
865,nek,341,no
866,turis,341,
867,gotong,341,
868,partai,341,
869,kesiap,340,siap
870,jenis,340,
871,you,339,no
872,tips,339,
873,motor,338,
874,tanda,338,
875,anjing,337,
876,bahasa,337,
877,gmn,336,no
878,semenjak,336,
879,kelompok,335,
880,pria,335,
881,teriak,335,
882,suspect,334,
883,rugi,334,
884,nomor,334,
885,menkes,334,
886,sungguh,334,
887,istilah,333,
888,rentan,333,
889,lapang,333,
890,karya,333,
891,kapal,332,
892,impor,332,
893,pintu,331,
894,kelas,331,
895,aneh,331,
896,aplikasi,331,
897,tentara,331,
898,bubar,331,
899,muda,330,
900,ulang,330,
901,tangerang,329,
902,observasi,329,
903,lulus,328,
904,raja,328,
905,mesti,328,
906,jalur,327,
907,kawan,327,
908,mui,327,
909,pengaruh,327,
910,mo,327,no
911,neng,326,no
912,msaid,326,
913,makassar,326,
914,lelang,326,
915,ngeri,325,
916,medan,325,
917,triliun,325,
918,niat,325,
919,muhammadiyah,324,
920,skala,324,
921,prabowo,324,
922,tewas,324,
923,industri,323,
924,puluh,323,
925,sisi,322,
926,from,321,no
927,lampung,320,
928,apresiasi,320,
929,udara,320,
930,jatuh,320,
931,heran,319,
932,tunai,318,
933,nasib,318,
934,klaim,318,
935,serikat,318,
936,gabisa,317,no
937,tarik,317,
938,pemkab,316,
939,luhut,316,
940,berkah,316,
941,darah,315,
942,kritik,315,
943,lahir,315,
944,ora,315,no
945,duka,313,
946,knp,312,no
947,pos,312,
948,saksi,312,
949,umrah,311,
950,kaum,311,
951,dm,310,no
952,pahlawan,310,
953,patroli,310,
954,shalat,310,salat
955,asia,309,
956,lucu,309,
957,resiko,309,risiko
958,beneran,308,no
959,ilmuwan,308,
960,liga,308,
961,bosen,308,bosan
962,om,308,no
963,indonesiaterserah,307,
964,marah,306,
965,edukasi,306,
966,btw,306,no
967,rezim,305,
968,sia,305,
969,ttp,304,no
970,perempuan,304,
971,tonton,304,
972,juni,303,
973,seru,303,
974,sumbar,303,
975,mantap,303,
976,gaada,302,no
977,hamil,302,
978,sek,301,no
979,ketupat,301,
980,tangkap,301,
981,fisik,301,
982,dream,301,
983,usul,301,
984,sok,300,
985,gambar,300,
986,ad,300,no
987,pasca,300,
988,didik,299,
989,abk,299,
990,jubir,298,
991,kadrun,298,
992,ak,297,no
993,ulama,296,
994,buku,296,
995,ngasih,296,kasih
996,taat,296,
997,bom,296,
998,artikel,296,
999,uu,296,
1000,byk,295,no
1001,australia,295,
1002,alih,294,
1003,keliling,294,
1004,halaman,294,
1005,februari,293,
1006,alias,293,
1007,ngapain,293,no
1008,abai,292,
1009,pemkot,292,
1010,atlet,291,
1011,dok,291,dokter
1012,nambah,291,
1013,tiket,291,
1014,demokrat,290,
1015,bhabinkamtibmas,290,
1016,cair,289,
1017,ka,288,no
1018,komunis,288,
1019,seng,288,no
1020,bohong,288,
1021,indah,288,
1022,pola,288,
1023,aktif,288,
1024,kendara,287,
1025,jelang,287,
1026,pajak,286,
1027,desak,286,
1028,coronaupdate,286,
1029,kudu,286,no
1030,jkt,286,jakarta
1031,engga,286,no
1032,sila,286,
1033,wisata,285,
1034,hitung,285,
1035,olahraga,285,
1036,yogyakarta,285,
1037,thread,285,
1038,upa,284,no
1039,sumpah,284,
1040,pusing,284,
1041,ig,284,instagram
1042,eropa,284,
1043,suami,284,
1044,tumbuh,284,
1045,amal,283,
1046,bkn,283,no
1047,lancar,283,
1048,sanitizer,283,
1049,ganggu,283,
1050,pacar,282,
1051,joko,282,
1052,bpjs,282,
1053,janji,282,
1054,ncov,282,
1055,jerman,282,
1056,is,280,no
1057,nasi,280,
1058,wisma,279,
1059,hp,279,
1060,buruh,278,
1061,toko,278,
1062,publisherstory,278,
1063,dikit,278,no
1064,level,278,
1065,gilir,278,
1066,mandi,277,
1067,tarawih,277,
1068,bayi,276,
1069,kisah,276,
1070,investasi,276,
1071,mitra,275,
1072,uda,275,no
1073,solo,274,
1074,prihatin,274,
1075,timbang,274,
1076,bumn,274,
1077,nu,273,
1078,kemaren,273,kemarin
1079,nz,273,no
1080,jk,272,
1081,lokasi,272,
1082,putar,271,
1083,teh,270,no
1084,vs,270,no
1085,ngerti,270,erti
1086,terang,269,
1087,for,269,no
1088,nanya,268,no
1089,yak,267,no
1090,heboh,267,
1091,tgl,267,tanggal
1092,on,266,no
1093,kredit,266,
1094,ujung,266,
1095,rw,266,
1096,judul,265,
1097,dpp,265,
1098,januari,264,
1099,tiada,264,
1100,share,264,
1101,wae,263,no
1102,gada,263,no
1103,sambut,263,
1104,ae,263,no
1105,hoaks,263,
1106,riau,263,
1107,klaster,263,
1108,herd,263,
1109,hancur,262,
1110,rendah,262,
1111,staysafe,262,
1112,mba,262,no
1113,rilis,262,
1114,imun,261,
1115,akal,261,
1116,pandang,261,
1117,km,261,no
1118,masak,261,
1119,rupiah,260,
1120,kemensosri,260,
1121,umkm,260,
1122,pmi,260,
1123,proyek,259,
1124,spanyol,259,
1125,gamau,259,no
1126,remeh,259,
1127,beres,258,
1128,aksiberantascovid,258,
1129,tukang,257,
1130,meter,257,
1131,bandel,257,
1132,keluh,256,
1133,ko,256,no
1134,nikmat,256,
1135,puskesmas,256,
1136,with,256,no
1137,teori,255,
1138,panas,255,
1139,buru,255,
1140,karantinawilayah,254,
1141,up,254,no
1142,airin,253,
1143,universitas,253,
1144,hak,253,
1145,tuntut,253,
1146,pasu,253,pasuk
1147,tigasyaratbebascovid,252,
1148,bts,251,
1149,timbul,251,
1150,nongkrong,251,
1151,solidaritas,251,
1152,lekas,250,
1153,hehe,250,no
1154,libat,249,
1155,widodo,249,
1156,kampus,249,
1157,suasana,249,
1158,kaga,249,no
1159,demam,249,
1160,padang,248,
1161,un,248,
1162,pp,248,no
1163,undang,247,
1164,strategi,247,
1165,influencer,247,
1166,open,247,
1167,kamar,246,
1168,hubei,246,
1169,bahu,246,
1170,sang,246,no
1171,cemas,245,
1172,jemaah,244,
1173,hormat,244,
1174,capek,244,
1175,hahaha,243,no
1176,produktif,243,
1177,nyari,243,cari
1178,dri,243,no
1179,repost,243,
1180,laut,243,
1181,virtual,243,
1182,jabodetabek,242,
1183,pribadi,242,
1184,suci,242,
1185,pekan,242,
1186,bangga,242,
1187,bnyk,242,no
1188,bersamalawancorona,241,
1189,gampang,241,
1190,diem,240,diam
1191,galang,240,
1192,budaya,240,
1193,umur,240,
1194,diskusi,239,
1195,listrik,239,
1196,pcr,238,
1197,jadwal,237,
1198,minimal,237,
1199,bosan,237,
1200,instruksi,237,
1201,mochamadarip,237,
1202,sulsel,237,
1203,benci,236,
1204,rantau,236,
1205,situ,235,
1206,te,235,no
1207,gelombang,234,
1208,liar,234,
1209,napas,234,
1210,teknologi,234,
1211,sengaja,234,
1212,syarat,234,
1213,pegawai,233,
1214,plis,233,no
1215,lelah,233,
1216,duh,233,no
1217,jagajarak,233,
1218,grup,232,
1219,kacau,232,
1220,poldajateng,232,
1221,suhu,232,
1222,so,231,no
1223,sars,231,
1224,kasihan,231,
1225,jamu,231,
1226,n95,231,
1227,fadlizon,230,
1228,detikfinance,230,
1229,transportasi,230,
1230,tan,230,no
1231,musibah,230,
1232,target,229,
1233,rusak,229,
1234,darisuara,229,
1235,paru,229,
1236,dinkes,229,
1237,dorong,228,
1238,kyk,228,no
1239,tema,228,
1240,immunity,228,
1241,denger,228,dengar
1242,hikmah,228,
1243,like,228,
1244,bos,228,
1245,gatau,228,no
1246,idi,228,
1247,labuh,227,
1248,unjung,227,
1249,imunitas,227,
1250,al,226,no
1251,inti,226,
1252,egois,226,
1253,gandeng,225,
1254,ayah,225,
1255,sleman,225,
1256,whatsapp,225,
1257,my,225,no
1258,mantan,225,
1259,sma,225,
1260,mundur,225,
1261,lembaga,224,
1262,opo,224,no
1263,korupsi,224,
1264,tni-polri-pemda,224,
1265,nekat,223,
1266,kubur,223,
1267,bangsat,223,
1268,gus,222,
1269,nkri,222,
1270,ridwankamil,222,
1271,be,222,no
1272,lab,221,
1273,ndak,221,no
1274,na,221,no
1275,umroh,221,umrah
1276,prioritas,221,
1277,mal,220,
1278,jasa,219,
1279,hudhi,219,
1280,disease,219,
1281,bismillah,219,
1282,pakar,218,
1283,kampanye,218,
1284,olah,218,
1285,gantung,218,
1286,jaya,218,
1287,kang,218,no
1288,laboratorium,218,
1289,maksimal,217,
1290,us,217,amerika
1291,thr,217,
1292,rek,217,no
1293,kucing,217,
1294,sumatera,216,
1295,kagak,216,no
1296,tpi,216,no
1297,batam,216,
1298,we,216,no
1299,ii,215,no
1300,sebenernya,215,no
1301,stok,215,
1302,terbit,215,
1303,rajin,214,
1304,koordinasi,214,
1305,nyebar,214,sebar
1306,anjir,214,no
1307,usir,213,
1308,alloh,213,allah
1309,sasar,213,
1310,kabur,213,
1311,infografis,213,
1312,layak,212,
1313,gaes,212,no
1314,mental,212,
1315,negri,212,negeri
1316,juliaribatubara,212,
1317,juru,212,
1318,l07,211,
1319,innalillahi,211,
1320,this,211,no
1321,bus,211,
1322,yaaa,211,no
1323,miris,210,
1324,garut,210,
1325,komisi,209,
1326,kucur,209,
1327,skenario,209,
1328,konsumsi,209,
1329,kadang,208,
1330,matahari,208,
1331,order,208,
1332,musnah,208,
1333,kelola,208,
1334,tangguh,208,
1335,murah,208,
1336,drpd,208,
1337,bidang,208,
1338,puncak,208,
1339,kompascom,208,
1340,ventilator,207,
1341,bpk,207,
1342,peluk,207,
1343,area,207,
1344,badai,207,
1345,batu,207,
1346,kaget,207,
1347,sayur,207,
1348,haha,207,no
1349,tri,207,no
1350,by,206,no
1351,desinfektan,206,disinfektan
1352,gausah,205,no
1353,netizen,205,
1354,senang,205,
1355,jaman,205,zaman
1356,breaking,205,
1357,riwayat,204,
1358,karo,204,no
1359,rokok,203,
1360,masif,203,
1361,blt,203,
1362,dar,203,no
1363,bbrp,203,no
1364,azab,203,
1365,novel,203,
1366,polrisiapamankanjatim,202,
1367,luncur,202,
1368,terserahindonesia,202,
1369,abang,202,no
1370,instagram,202,
1371,mikirin,202,pikir
1372,it,202,no
1373,hujan,202,
1374,dkijakarta,201,
1375,resah,201,
1376,inget,201,no
1377,pdhl,201,no
1378,sepakat,201,
1379,berangkat,201,
1380,hambat,201,
1381,sisa,201,
1382,ngopi,201,kopi
1383,wujud,201,
1384,ustadtengkuzul,201,
1385,cocok,201,
1386,sulawesi,200,
1387,maha,200,
1388,menghimbau,200,imbau
1389,kim,200,no
1390,walikota,200,
1391,wna,198,
1392,komunikasi,198,
1393,krna,198,no
1394,jiayou,198,
1395,riset,198,
1396,kesel,197,kesal
1397,outbreak,197,
1398,bela,197,
1399,ojol,197,
1400,otoritas,197,
1401,tolakdaruratsipil,197,
1402,lha,196,no
1403,kaki,196,
1404,ala,196,
1405,putih,196,
1406,diskon,196,
1407,yaallah,196,no
1408,mahal,196,
1409,mulut,195,
1410,komentar,195,
1411,hmm,195,no
1412,ngakak,195,no
1413,insentif,195,
1414,fraksi,195,
1415,maklumat,194,
1416,wajar,194,
1417,prof,194,
1418,susul,194,
1419,ampun,194,
1420,cm,194,no
1421,jajan,193,
1422,pks,193,
1423,kumpar,192,
1424,kian,192,
1425,ras,192,
1426,istana,192,
1427,google,192,
1428,angin,192,
1429,all,192,
1430,rela,191,
1431,senjata,191,
1432,ayam,191,
1433,rem,190,
1434,oke,190,no
1435,wanita,190,
1436,mohmahfudmd,189,
1437,rmh,189,rumah
1438,kakak,189,
1439,mabes,189,
1440,cakiminow,189,
1441,dear,188,no
1442,dapur,188,
1443,kawasan,188,
1444,thailand,188,
1445,smua,188,no
1446,sri,188,
1447,keluyur,188,
1448,stress,187,
1449,gembira,187,
1450,bayangin,187,bayang
1451,ibukota,187,
1452,jl,187,no
1453,mbok,187,no
1454,pers,187,
1455,era,187,
1456,pln,186,
1457,doi,186,no
1458,ekspor,186,
1459,bakti,186,
1460,tolol,186,no
1461,menit,186,
1462,ganjar,186,
1463,iso,186,no
1464,model,186,
1465,ta,185,no
1466,relawanbergeraklawancovid,185,
1467,tweet,185,
1468,lintas,185,
1469,opsi,185,
1470,non,185,no
1471,gaya,184,
1472,versi,184,
1473,sentuh,184,
1474,adil,184,
1475,pm,183,
1476,buzzer,183,
1477,nyanyi,183,
1478,juara,182,
1479,kerjasama,182,
1480,inovasi,182,
1481,bin,182,
1482,pdi,182,
1483,emas,182,
1484,travel,182,
1485,salut,182,
1486,calon,182,
1487,selenggara,181,
1488,grgr,181,gara
1489,produktifditengahpandemi,180,
1490,tantang,180,
1491,yok,180,no
1492,kpk,180,
1493,zakat,180,
1494,sidoarjo,180,
1495,budi,179,
1496,hibur,179,
1497,kereta,179,
1498,malem,179,malam
1499,bukber,178,
1500,bola,178,
1501,angkut,178,
1502,nyaman,178,
1503,smg,178,no
1504,pule,178,populer
1505,rusia,178,
1506,sarana,177,
1507,lek,177,no
1508,haji,177,
1509,pdiperjuangan,177,
1510,binatang,177,
1511,babinsa,177,
1512,duluan,176,no
1513,logistik,176,
1514,bakar,176,
1515,gowa,176,
1516,prosedur,176,
1517,wkwkw,175,no
1518,cerdas,175,
1519,kontribusi,175,
1520,taiwan,175,
1521,langgan,175,
1522,tertib,174,
1523,bacot,174,no
1524,santuy,174,
1525,iring,174,
1526,ragu,174,
1527,asn,173,
1528,gereja,173,
1529,edhy,173,
1530,jdi,173,no
1531,lur,173,no
1532,rekor,173,
1533,nak,173,no
1534,mimpi,173,
1535,utang,173,
1536,full,172,
1537,panggil,172,
1538,tanam,172,
1539,ikhtiar,172,
1540,day,172,
1541,musuh,172,
1542,protes,172,
1543,aing,172,no
1544,dirumahajaya,172,
1545,indikasi,171,
1546,kosong,171,
1547,halang,171,
1548,vcs,171,
1549,udahan,171,no
1550,baswedan,171,
1551,dlu,171,no
1552,gunung,171,
1553,drastis,171,
1554,dn,171,no
1555,balas,170,
1556,wisatawan,170,
1557,bungkus,170,
1558,cabut,170,
1559,ton,170,
1560,mama,170,
1561,bar,170,
1562,tega,170,
1563,sblm,169,no
1564,kartu,169,
1565,israel,169,
1566,unit,169,
1567,ngene,169,no
1568,nafas,169,
1569,stoppolitikditengahpandemi,169,
1570,kurva,169,
1571,posisi,169,
1572,streaming,169,
1573,perppu,168,
1574,optimis,168,
1575,skrng,168,no
1576,tagar,168,
1577,kaji,168,
1578,tren,167,
1579,perawan,167,
1580,penjara,167,
1581,sdg,167,no
1582,minyak,166,
1583,divisihumaspolri,166,
1584,website,166,
1585,gpp,166,no
1586,asknonym,166,
1587,subtanyarl,165,
1588,lantas,165,
1589,tamu,165,
1590,buang,165,
1591,peluang,165,
1592,plus,164,
1593,jambi,164,
1594,aparat,164,
1595,banten,164,
1596,la,164,no
1597,kader,164,
1598,sederhana,164,
1599,sejarah,164,
1600,cpt,164,cepat
1601,deket,163,no
1602,sinergitas,163,
1603,super,163,
1604,internet,163,
1605,sahur,162,
1606,gede,162,
1607,demo,162,
1608,parno,162,
1609,menlu,162,
1610,tiktok,162,
1611,smoga,162,no
1612,rsup,162,
1613,erti,162,
1614,kecewa,162,
1615,rapi,161,
1616,sidang,161,
1617,taun,161,no
1618,gedung,161,
1619,sars-cov,161,
1620,kelelawar,161,
1621,ato,161,no
1622,gerakansolidaritassosial,161,
1623,sumut,160,
1624,komen,160,
1625,center,160,
1626,daring,160,
1627,pa,160,no
1628,patut,160,
1629,picu,160,
1630,webinar,159,
1631,2in,159,no
1632,suntik,159,
1633,lari,159,no
1634,sumsel,159,
1635,check,159,
1636,ngumpul,159,kumpul
1637,sepele,159,
1638,wajah,159,
1639,rinajanwar,159,
1640,kkpgoid,159,
1641,warung,159,
1642,aju,158,
1643,bas,158,no
1644,massa,158,
1645,fatwa,158,
1646,kreatif,158,
1647,pandu,158,
1648,organisasi,158,
1649,sis,158,no
1650,pilkada,158,
1651,geloraco,158,
1652,cita,158,
1653,humasbkipm,158,
1654,dewan,158,
1655,game,158,
1656,curiga,158,
1657,jarang,158,
1658,instansi,157,
1659,babi,157,
1660,dirumahajacekalcorona,157,
1661,lgi,157,no
1662,jaring,157,
1663,komunitas,157,
1664,tawar,157,
1665,adu,157,
1666,lipat,156,
1667,asik,156,asyik
1668,pahamipidanakerumunan,156,
1669,santri,156,
1670,jemur,156,
1671,konten,156,
1672,thn,155,no
1673,darat,155,
1674,awasprovokasilockdown,155,
1675,awan,155,
1676,lt,155,no
1677,prancis,155,
1678,dateng,155,no
1679,iman,155,
1680,rezeki,155,
1681,gugur,154,
1682,ben,154,no
1683,otg,154,
1684,unduh,154,
1685,artis,154,
1686,bodo,153,bodoh
1687,ansor,153,
1688,ampe,153,no
1689,staf,153,
1690,mesjid,153,masjid
1691,kompak,153,
1692,narasi,153,
1693,ied,153,
1694,sanggup,152,
1695,coronaindonesia,152,
1696,daegu,152,
1697,klu,152,no
1698,klaten,152,
1699,cape,152,capek
1700,makasih,152,no
1701,pasuk,152,
1702,kel,151,kelurahan
1703,nyalahin,151,salah
1704,polripreventifcegahcovid,151,
1705,standar,151,
1706,fix,151,no
1707,pegang,151,
1708,periode,151,
1709,gub,151,gubernur
1710,ketimbang,151,
1711,ribut,151,
1712,kabeh,150,no
1713,santai,150,
1714,partisipasi,150,
1715,ono,150,no
1716,lawancorona,150,
1717,nyinyir,150,
1718,pol,150,no
1719,dennysiregar,150,
1720,insya,149,
1721,saham,149,
1722,anjlok,149,
1723,ngajak,149,ajak
1724,istirahat,149,
1725,bentar,149,no
1726,made,149,
1727,kalimantan,149,
1728,medsos,149,
1729,pen,148,
1730,palembang,148,
1731,tuk,148,no
1732,follow,148,
1733,hijau,148,
1734,cicil,148,
1735,janganmudikdulu,147,
1736,haru,147,
1737,garis,147,
1738,rusuh,147,
1739,promo,147,
1740,pura,147,
1741,kesana,147,no
1742,ye,147,no
1743,drama,147,
1744,bengkulu,146,
1745,males,146,malas
1746,taruh,146,
1747,post,146,
1748,kopi,146,
1749,gabut,146,
1750,sekian,146,
1751,omah,146,no
1752,minat,145,
1753,pertamina,145,
1754,kain,145,
1755,mayoritas,145,
1756,omong,145,
1757,pemuda,145,
1758,disiplinkuncihadapicorona,145,
1759,kece,145,no
1760,pkl,145,
1761,ibadahramadhandirumahaja,144,
1762,kontinjensi,144,
1763,yunan,144,
1764,reaktif,144,
1765,digital,144,
1766,enam,144,
1767,subsidi,144,
1768,klarifikasi,144,
1769,adlh,144,no
1770,pecat,144,
1771,agung,144,
1772,dosen,144,
1773,utas,144,
1774,smp,143,
1775,bill,143,
1776,kuota,143,
1777,tokoh,143,
1778,metro,143,
1779,aj,143,no
1780,lantar,143,
1781,rekomendasi,143,
1782,da,143,no
1783,hi,143,no
1784,adadikompas,143,
1785,muat,143,
1786,ari,142,
1787,kritis,142,
1788,survei,142,
1789,pgn,142,no
1790,sampel,142,
1791,dungu,142,
1792,canda,142,
1793,physicaldistancing,142,
1794,stimulus,142,
1795,tum,142,no
1796,ngabuburit,142,
1797,kmrn,142,kemarin
1798,tata,141,
1799,puji,141,
1800,pisah,141,
1801,maskapai,141,
1802,tuduh,141,
1803,gapapa,141,no
1804,make,141,pakai
1805,coronabukanpanggungpolitik,141,
1806,ntb,141,
1807,woy,141,no
1808,one,141,
1809,ide,141,
1810,lgsg,140,no
1811,sombong,140,
1812,maen,140,main
1813,point,140,
1814,mbah,140,no
1815,pintar,140,
1816,stasiun,140,
1817,coronavirusoutbreak,140,
1818,betapa,140,
1819,bpip,140,
1820,mang,140,no
1821,yurianto,140,
1822,momentum,139,
1823,wapres,139,
1824,dosa,139,
1825,loe,139,no
1826,sampah,139,
1827,skripsi,139,
1828,dusun,139,
1829,sj,139,no
1830,your,138,no
1831,au,138,
1832,lumayan,138,
1833,modal,138,
1834,sultan,138,
1835,official,138,
1836,auto,138,
1837,nusantara,138,
1838,gates,138,
1839,teras,138,
1840,militer,138,
1841,berantas,138,
1842,jum,138,no
1843,bego,137,
1844,mayat,137,
1845,operasional,137,
1846,kualitas,137,
1847,personil,137,
1848,bravo,137,
1849,silaturahmi,137,
1850,nurut,137,turut
1851,takjil,136,
1852,vitamin,136,
1853,merdeka,136,
1854,bln,136,no
1855,ahmad,136,
1856,sebentar,136,
1857,kkp,136,
1858,positive,136,
1859,bantul,136,
1860,momen,136,
1861,sempet,136,sempat
1862,satukanvisicekalcorona,136,
1863,musik,136,
1864,rambut,136,
1865,imam,136,
1866,zoom,136,
1867,stres,136,
1868,dipake,136,pakai
1869,ketawa,136,tawa
1870,kandung,136,no
1871,fadli,136,
1872,ngerasa,135,no
1873,cak,135,
1874,dpc,135,
1875,huhu,135,no
1876,juli,135,
1877,ente,135,no
1878,mahfud,135,
1879,janganmudik,134,
1880,assalamualaikum,134,
1881,bawang,134,
1882,koramil,134,
1883,ngeliat,134,lihat
1884,maap,134,maaf
1885,setan,134,
1886,adik,133,
1887,magetan,133,
1888,pekanbaru,133,
1889,congor,133,
1890,case,133,
1891,monggo,133,no
1892,relaksasi,133,
1893,achmad,133,
1894,top,133,
1895,banyuwangi,132,
1896,opini,132,
1897,surga,132,
1898,kodim,132,
1899,pasal,132,
1900,yayasan,132,
1901,po,132,no
1902,plastik,132,
1903,hapus,132,
1904,insyaallah,132,
1905,lansia,132,
1906,undur,132,
1907,buzzerp,131,
1908,ojo,131,no
1909,mulia,131,
1910,kemenag,131,
1911,fungsi,131,
1912,republik,131,
1913,tagih,131,
1914,pancasila,131,
1915,perilaku,131,
1916,pidana,131,
1917,populer,131,
1918,ukur,131,
1919,tampil,131,
1920,khanasluhu,130,
1921,kulit,130,
1922,sesak,130,
1923,bintang,130,
1924,kapolda,130,
1925,waras,130,
1926,19out,130,no
1927,goreng,130,
1928,regional,130,
1929,minim,129,
1930,dadi,129,no
1931,mimin,129,no
1932,cegahcovid,129,
1933,jan,129,januari
1934,bni,129,
1935,jatenglawancorona,129,
1936,ganas,128,
1937,law,128,
1938,topnews,128,
1939,terminal,128,
1940,bersatuusircorona,128,
1941,perdana,128,
1942,andai,128,
1943,betah,128,
1944,basmi,128,
1945,workfromhome,128,
1946,indonesiamelawancovid,128,
1947,jt,128,juta
1948,trending,128,
1949,nasiikan,127,
1950,telat,127,
1951,turki,127,
1952,belah,127,
1953,ih,127,no
1954,apbn,127,
1955,habib,127,
1956,don,127,
1957,berkat,127,
1958,astaghfirullah,127,
1959,statement,127,
1960,detikinet,127,
1961,polripromoter,127,
1962,nge,126,no
1963,dadak,126,
1964,kejar,126,
1965,khofifahip,126,
1966,siar,126,
1967,team,126,
1968,paramedis,126,
1969,studi,126,
1970,gas,126,
1971,kemenhub,126,
1972,direktur,125,
1973,wis,125,no
1974,cabang,125,
1975,tok,125,no
1976,ham,125,
1977,blogdokter,125,
1978,zon,125,
1979,international,125,
1980,sinar,125,
1981,good,125,
1982,donald,125,
1983,md,125,no
1984,tokyo,125,
1985,mutasi,124,
1986,wn,124,warga
1987,bilik,124,
1988,ribet,124,
1989,pneumonia,124,
1990,prank,124,
1991,hadiah,124,
1992,rekan,124,
1993,serba,124,
1994,jember,124,
1995,pinter,124,pintar
1996,group,123,
1997,belanda,123,
1998,langka,123,
1999,pondok,123,
2000,kit,123,
2001,vivacoid,123,
2002,idulfitri,123,
2003,sifat,123,
2004,lacak,123,
2005,bebal,123,
2006,palsu,122,
2007,zaman,122,
2008,kalang,122,
2009,sik,122,no
2010,kes,122,
2011,ban,122,
2012,marak,122,
2013,collegemenfess,122,
2014,kemensos,122,
2015,go,122,
2016,tanding,122,
2017,iku,122,no
2018,ui,121,
2019,mreka,121,no
2020,pro,121,
2021,meminimalisir,121,minimal
2022,work,121,
2023,happy,121,
2024,blitar,121,
2025,kk,121,no
2026,kos,121,
2027,jebak,121,
2028,nol,121,
2029,burung,121,
2030,indira,120,
2031,bendera,120,
2032,sembunyi,120,
2033,tajam,120,
2034,kt,120,no
2035,anggur,120,
2036,stopmudikdisiplinpsbb,120,
2037,usa,120,amerika
2038,situs,120,
2039,investor,120,
2040,populasi,120,
2041,bincang,120,
2042,unt,120,no
2043,tebar,120,
2044,ngobrol,120,
2045,faktor,120,
2046,jersey,120,
2047,teu,120,no
2048,ramlirizal,120,
2049,fadjroel,120,
2050,ngurusin,120,urus
2051,bripka,119,
2052,tenggara,119,
2053,rutin,119,
2054,kejut,119,
2055,sd,119,
2056,omnibus,119,
2057,personel,119,
2058,tangsel,119,
2059,polricegahcorona,119,
2060,signifikan,119,
2061,ds,119,no
2062,cuti,118,
2063,doni,118,
2064,debat,118,
2065,real,118,
2066,kompetisi,118,
2067,kolaborasi,118,
2068,what,118,no
2069,elu,118,no
2070,tuntas,118,
2071,koq,118,no
2072,fightcoronawithjokowi,118,
2073,takbir,118,
2074,empati,118,
2075,retweet,118,
2076,mumpung,117,
2077,kapasitas,117,
2078,lampau,117,
2079,hnurwahid,117,
2080,ampuh,117,
2081,kbri,117,
2082,polrihimbaupakaimasker,117,
2083,hutang,117,utang
2084,jantung,117,
2085,interaksi,117,
2086,tipu,117,
2087,atuh,116,
2088,tol,116,
2089,balikpapan,116,
2090,kebumen,116,
2091,aduh,116,
2092,panic,116,
2093,detik,116,
2094,kontrol,116,
2095,macet,116,
2096,kemendagri,116,
2097,italy,116,
2098,emak,116,no
2099,time,116,
2100,nenek,116,
2101,wacana,116,
2102,logika,116,
2103,respon,115,respons
2104,alumni,115,
2105,sanksi,115,
2106,twt,115,no
2107,hitam,115,
2108,jkw,115,
2109,lbp,115,
2110,hantu,115,
2111,wafat,115,
2112,tiru,115,
2113,bhw,115,no
2114,masy,115,masyarakat
2115,menko,114,
2116,bersin,114,
2117,yaudah,114,no
2118,york,114,
2119,padat,114,
2120,ha,114,no
2121,sukseskanpilkadaserentak,114,
2122,api,114,
2123,event,114,
2124,es,114,
2125,poin,114,
2126,grafik,113,
2127,dompet,113,
2128,ridwan,113,
2129,nanggung,113,tanggung
2130,gawat,113,
2131,keri,113,ngeri
2132,cok,113,no
2133,lai,113,no
2134,ikhlas,113,
2135,emosi,113,
2136,was,112,
2137,kariadi,112,
2138,ferdinandhaean,112,
2139,kkn,112,
2140,call,112,
2141,ngotot,112,
2142,kaltim,112,
2143,semester,112,
2144,ali,112,
2145,pesta,112,
2146,kapolsek,112,
2147,hmmm,112,no
2148,pecah,112,
2149,laki,112,
2150,evaluasi,112,
2151,pertiwi,112,
2152,kesah,112,
2153,dek,112,no
2154,redam,111,
2155,natuna,111,
2156,hallo,111,no
2157,paspor,111,
2158,gugat,111,
2159,lockdownnasionalserentak,111,
2160,siswa,111,
2161,shopee,111,
2162,twit,110,
2163,ngaji,110,kaji
2164,karawang,110,
2165,adek,110,no
2166,gp,110,no
2167,komitmen,110,
2168,jurus,110,
2169,piye,110,no
2170,suluh,110,
2171,kemenbumn,110,
2172,blg,110,no
2173,kesini,110,no
2174,ngaku,110,no
2175,out,110,
2176,baksos,110,
2177,de,110,no
2178,local,110,
2179,ikat,110,
2180,chat,110,
2181,chaos,110,
2182,koe,109,no
2183,woi,109,no
2184,ruu,109,
2185,sosmed,109,
2186,golong,109,
2187,facebook,109,
2188,sop,109,
2189,scr,109,no
2190,pantai,109,
2191,bocah,109,
2192,pesiar,109,
2193,restoran,109,
2194,kai,108,
2195,purwakarta,108,
2196,g20,108,
2197,lomba,108,
2198,menhub,108,
2199,tvone,108,
2200,alokasi,108,
2201,telur,108,
2202,gusti,108,
2203,sains,108,
2204,ldr,108,
2205,sopir,108,
2206,persib,108,
2207,padu,108,
2208,cilacap,108,
2209,bnyak,108,
2210,thd,108,no
2211,busuk,108,
2212,konsisten,108,
2213,sapa,108,
2214,detail,108,
2215,saking,108,
2216,bina,107,
2217,sby,107,
2218,tangga,107,
2219,usd,107,
2220,disiplinaturanpsbb,107,
2221,or,107,no
2222,e100ss,107,
2223,bpbd,107,
2224,cluster,107,klaster
2225,duta,107,
2226,support,107,
2227,tabung,107,
2228,laju,106,
2229,aktifitas,106,aktivitas
2230,jomblo,106,
2231,said,106,
2232,metode,106,
2233,jenderal,106,
2234,nyampe,106,sampai
2235,gizi,106,
2236,haikal,106,
2237,ne,106,no
2238,antri,106,antre
2239,denda,106,
2240,edisi,106,
2241,bi,106,
2242,sangka,106,
2243,trenggalek,106,
2244,he,106,no
2245,herbal,106,
2246,nyepi,106,
2247,plasma,105,
2248,pasok,105,
2249,arus,105,
2250,userstory,105,
2251,alir,105,
2252,sepakbola,105,
2253,sorot,105,
2254,mak,105,no
2255,ulah,105,
2256,mulyani,105,
2257,driver,105,
2258,kontol,105,no
2259,pedoman,105,
2260,sambang,105,
2261,gawe,105,no
2262,dulur,105,no
2263,kamil,105,
2264,smpe,105,no
2265,khilafah,105,
2266,bkipm,105,
2267,fpi,105,
2268,setop,104,stop
2269,fiersabesari,104,
2270,hina,104,
2271,cuk,104,no
2272,singkat,104,
2273,optimisme,104,
2274,supermarket,104,
2275,ajah,104,no
2276,cianjur,104,
2277,dengerin,104,dengar
2278,mampus,104,
2279,kon,104,no
2280,selandia,104,
2281,mpr,104,
2282,titip,103,
2283,nila,103,
2284,pati,103,
2285,kominfo,103,
2286,langit,103,
2287,sari,103,
2288,gtu,103,no
2289,hehehe,103,no
2290,kirain,103,no
2291,tipe,103,
2292,nelayan,103,
2293,bae,103,no
2294,antivirus,103,
2295,haram,103,
2296,banda,103,
2297,line,102,
2298,kebun,102,
2299,bla,102,no
2300,after,102,
2301,rekening,102,
2302,konsep,102,
2303,potret,102,
2304,ledak,102,
2305,mk,102,
2306,th,102,no
2307,sungai,101,
2308,adaptasi,101,
2309,sak,101,no
2310,coronavirusindonesia,101,
2311,singapore,101,
2312,promosi,101,
2313,ugm,101,
2314,,101,
2315,magelang,101,
2316,brp,101,no
2317,nyebarin,101,sebar
2318,pns,101,
2319,nularin,101,tular
2320,medialawancovid,101,
2321,psi,101,
2322,ntt,101,
2323,mergo,101,no
2324,siti,101,
2325,ngerasain,101,rasa
2326,ego,101,
2327,barusan,101,
2328,pakde,101,
2329,not,101,
2330,landai,101,
2331,seoul,101,
2332,awak,100,
2333,sejahtera,100,
2334,tradisional,100,
2335,dpd,100,
2336,olimpiade,100,
2337,bau,100,
2338,sarung,100,
2339,visa,100,
2340,koko,100,no
2341,bsa,100,no
2342,simpul,100,
2343,imigrasi,100,
2344,wenang,100,
2345,uni,100,
